user_id,frequency,monetary_total,monetary_avg,brand_diversity,category_diversity,recency_days,cluster,segment_name
5a278997652fe8a52768c178,1,69.0,69.0,1,1,274,0,"Khách hàng thân thiết, chi tiêu vừa/thấp"
5ce2c3ee277035ae7332a134,16,818.0,51.125,16,4,137,1,"Khách hàng VIP (chi tiêu cao, tần suất cao)"
5fe3184fa60af613a02dc667,7,321.0,45.857142857142854,6,3,221,0,"Khách hàng thân thiết, chi tiêu vừa/thấp"
640199a7b696a17e3d09e0b0,1,26.6,26.6,1,1,256,0,"Khách hàng thân thiết, chi tiêu vừa/thấp"
646b7058b7d6faddab0a5472,2,77.0,38.5,2,2,326,0,"Khách hàng thân thiết, chi tiêu vừa/thấp"
65e78de3e2ce1c08fa05b549,1,60.0,60.0,1,1,339,0,"Khách hàng thân thiết, chi tiêu vừa/thấp"
660d31a7e53d98759c0842bf,2,150.0,75.0,2,1,321,0,"Khách hàng thân thiết, chi tiêu vừa/thấp"
6735f2b2525129a929080822,1,11.0,11.0,1,1,312,0,"Khách hàng thân thiết, chi tiêu vừa/thấp"
67369915ab2f326c8a0d7765,4,441.0,110.25,4,2,290,0,"Khách hàng thân thiết, chi tiêu vừa/thấp"
6736a9eab8a59bd9cb0070fc,3,397.0,132.33333333333334,3,1,265,0,"Khách hàng thân thiết, chi tiêu vừa/thấp"
6736ba39b7907da7c20f42bc,1,65.0,65.0,1,1,339,0,"Khách hàng thân thiết, chi tiêu vừa/thấp"
6736d85fea24cc986d0c0cf4,44,1970.7,44.788636363636364,31,7,97,1,"Khách hàng VIP (chi tiêu cao, tần suất cao)"
6736ec8a274b289126076488,6,296.8,49.46666666666667,6,3,100,0,"Khách hàng thân thiết, chi tiêu vừa/thấp"
67374354b508e677120feef8,23,1002.1,43.56956521739131,22,5,260,1,"Khách hàng VIP (chi tiêu cao, tần suất cao)"
6737e1ab3a1712ec220d49b3,1,55.0,55.0,1,1,326,0,"Khách hàng thân thiết, chi tiêu vừa/thấp"
67380c2bf3ccefe0d8060769,3,115.0,38.333333333333336,2,2,149,0,"Khách hàng thân thiết, chi tiêu vừa/thấp"
67381947f32fb773b50d325e,2,56.4,28.2,2,1,301,0,"Khách hàng thân thiết, chi tiêu vừa/thấp"
673854dc0936bba1c60e0c0f,1,161.0,161.0,1,1,381,0,"Khách hàng thân thiết, chi tiêu vừa/thấp"
67385aace882bffa400cc799,3,56.199999999999996,18.73333333333333,3,3,112,0,"Khách hàng thân thiết, chi tiêu vừa/thấp"
6738d489628ab66d960f3966,26,776.0,29.846153846153847,19,6,119,1,"Khách hàng VIP (chi tiêu cao, tần suất cao)"
67399cf8dd88c143010e544d,37,1480.5,40.013513513513516,26,4,106,1,"Khách hàng VIP (chi tiêu cao, tần suất cao)"
673eb96904a195fed8067c88,2,94.0,47.0,2,2,331,0,"Khách hàng thân thiết, chi tiêu vừa/thấp"
67408735a9b2e83130072a3e,18,613.2,34.06666666666667,18,6,100,1,"Khách hàng VIP (chi tiêu cao, tần suất cao)"
67443e18eb0a1d02a307fc51,15,995.0,66.33333333333333,9,4,1,1,"Khách hàng VIP (chi tiêu cao, tần suất cao)"
674aa1416afbe6500304f879,3,46.778,15.592666666666666,2,2,211,0,"Khách hàng thân thiết, chi tiêu vừa/thấp"
67682608dc0e7b283609a536,1,55.0,55.0,1,1,332,0,"Khách hàng thân thiết, chi tiêu vừa/thấp"
67e0df37ec28cbde480c6fc9,1,30.0,30.0,1,1,305,0,"Khách hàng thân thiết, chi tiêu vừa/thấp"
67eab5b9bc278aa05905a39f,1,58.0,58.0,1,1,261,0,"Khách hàng thân thiết, chi tiêu vừa/thấp"
67f731f3d3fabfe9e30c675b,1,65.0,65.0,1,1,338,0,"Khách hàng thân thiết, chi tiêu vừa/thấp"
6802600059362f3d3f0d505f,9,503.0,55.888888888888886,9,4,236,0,"Khách hàng thân thiết, chi tiêu vừa/thấp"
680704c4a2c214234b0ac300,4,283.0,70.75,4,3,231,0,"Khách hàng thân thiết, chi tiêu vừa/thấp"
68185c0a133bfadf900e351d,1,3.0,3.0,1,1,332,0,"Khách hàng thân thiết, chi tiêu vừa/thấp"
681b8c24db4ccd9fbf0e7da9,8,353.0,44.125,8,3,265,0,"Khách hàng thân thiết, chi tiêu vừa/thấp"
6821c859c442b6b9500d4bc6,17,645.0,37.94117647058823,17,5,265,1,"Khách hàng VIP (chi tiêu cao, tần suất cao)"
6827574f0279a396950990d9,2,70.0,35.0,2,2,324,0,"Khách hàng thân thiết, chi tiêu vừa/thấp"
682a17cf54710210d105c2a4,8,254.9,31.8625,7,4,279,0,"Khách hàng thân thiết, chi tiêu vừa/thấp"
682ab8af938f66a57c04826d,1,75.0,75.0,1,1,300,0,"Khách hàng thân thiết, chi tiêu vừa/thấp"
682e8f2d4706b8b051034e82,8,316.5,39.5625,6,4,201,0,"Khách hàng thân thiết, chi tiêu vừa/thấp"
682f1f8521e5e03b9601de68,1,35.0,35.0,1,1,320,0,"Khách hàng thân thiết, chi tiêu vừa/thấp"
6830242ed06fa5b29d003c3c,1,55.0,55.0,1,1,297,0,"Khách hàng thân thiết, chi tiêu vừa/thấp"
68317a8f06c5e2696b0d2c1c,6,510.0,85.0,5,3,306,0,"Khách hàng thân thiết, chi tiêu vừa/thấp"
683ebc5e62be203e5f070259,1,55.0,55.0,1,1,308,0,"Khách hàng thân thiết, chi tiêu vừa/thấp"
684561ac8347c8ce9e02d2a9,2,126.0,63.0,2,1,227,0,"Khách hàng thân thiết, chi tiêu vừa/thấp"
684ab4ee882f2e3ec804b6f4,2,69.0,34.5,1,1,223,0,"Khách hàng thân thiết, chi tiêu vừa/thấp"
684b9104f87f185de4090a6e,1,45.0,45.0,1,1,297,0,"Khách hàng thân thiết, chi tiêu vừa/thấp"
684da7899c4d9f5e4a00902e,2,89.0,44.5,2,2,294,0,"Khách hàng thân thiết, chi tiêu vừa/thấp"
684e72bdb74a547f5305d7b0,5,279.0,55.8,4,3,31,0,"Khách hàng thân thiết, chi tiêu vừa/thấp"
684e75bfd928c9ce660f02ab,10,524.0,52.4,8,4,238,0,"Khách hàng thân thiết, chi tiêu vừa/thấp"
684e7c3c4fb48a41ba0b93c2,1,22.0,22.0,1,1,248,0,"Khách hàng thân thiết, chi tiêu vừa/thấp"
68504c435595356758033953,5,275.0,55.0,4,4,264,0,"Khách hàng thân thiết, chi tiêu vừa/thấp"
685371a3e81abfa3720bc258,1,47.0,47.0,1,1,289,0,"Khách hàng thân thiết, chi tiêu vừa/thấp"
685ee3bd881e30c0a10322d6,4,212.0,53.0,3,2,279,0,"Khách hàng thân thiết, chi tiêu vừa/thấp"
6866bafc2ed5ce62cd081555,1,13.3,13.3,1,1,280,0,"Khách hàng thân thiết, chi tiêu vừa/thấp"
6867ab61bd877a9e46055c3b,5,162.275,32.455,5,2,214,0,"Khách hàng thân thiết, chi tiêu vừa/thấp"
686a364dd26d2e3a56092bda,2,124.0,62.0,2,2,268,0,"Khách hàng thân thiết, chi tiêu vừa/thấp"
686b8e32916eab10f600a290,5,137.0,27.4,5,3,205,0,"Khách hàng thân thiết, chi tiêu vừa/thấp"
687a5fbad221e0e2be0a56bf,2,153.0,76.5,2,2,248,0,"Khách hàng thân thiết, chi tiêu vừa/thấp"
688059c3bd978b450406ded8,1,7.6,7.6,1,1,300,0,"Khách hàng thân thiết, chi tiêu vừa/thấp"
68807f11c41d01644c0d1d12,1,30.0,30.0,1,1,253,0,"Khách hàng thân thiết, chi tiêu vừa/thấp"
6882121b913a7a09ce0c7b21,8,293.0,36.625,8,5,178,0,"Khách hàng thân thiết, chi tiêu vừa/thấp"
68870945fd80fcffcd0342fc,1,58.0,58.0,1,1,251,0,"Khách hàng thân thiết, chi tiêu vừa/thấp"
688721788c09bfabb60fc2c9,1,7.6,7.6,1,1,317,0,"Khách hàng thân thiết, chi tiêu vừa/thấp"
688792d8b68ca89b790f8353,1,32.6,32.6,1,1,250,0,"Khách hàng thân thiết, chi tiêu vừa/thấp"
68886e486fb8ae957f05312a,1,14.0,14.0,1,1,248,0,"Khách hàng thân thiết, chi tiêu vừa/thấp"
68902ffe6192e8a1670ce8fa,1,69.0,69.0,1,1,246,0,"Khách hàng thân thiết, chi tiêu vừa/thấp"
689081538f30231e5b0e3b45,1,30.0,30.0,1,1,239,0,"Khách hàng thân thiết, chi tiêu vừa/thấp"
689089abbdd8621d5f08b58a,21,1502.7,71.55714285714286,16,5,97,1,"Khách hàng VIP (chi tiêu cao, tần suất cao)"
68916eecb3317a69e804ec1d,2,73.0,36.5,2,1,209,0,"Khách hàng thân thiết, chi tiêu vừa/thấp"
6894a5ef29dca0752000d019,1,23.7,23.7,1,1,243,0,"Khách hàng thân thiết, chi tiêu vừa/thấp"
689975fa95a0e370e507ed90,1,55.0,55.0,1,1,237,0,"Khách hàng thân thiết, chi tiêu vừa/thấp"
689eb5bb08d8148e4a0384b4,30,1238.3,41.276666666666664,25,5,101,1,"Khách hàng VIP (chi tiêu cao, tần suất cao)"
68a0182c452e6c7a2109187b,5,153.0,30.6,4,3,102,0,"Khách hàng thân thiết, chi tiêu vừa/thấp"
68a172c63dcee4486207aa27,1,22.0,22.0,1,1,231,0,"Khách hàng thân thiết, chi tiêu vừa/thấp"
68a172c9aed47fc02f04866a,2,54.0,27.0,1,1,202,0,"Khách hàng thân thiết, chi tiêu vừa/thấp"
68a2e383f5d31ba5e3085431,2,115.0,57.5,2,2,221,0,"Khách hàng thân thiết, chi tiêu vừa/thấp"
68a302f916b5a5e8e30a3a22,1,15.0,15.0,1,1,230,0,"Khách hàng thân thiết, chi tiêu vừa/thấp"
68a6d7b5f4c16b87bf021027,59,2729.6,46.264406779661016,16,7,106,1,"Khách hàng VIP (chi tiêu cao, tần suất cao)"
68a950eda7c4440cc404f807,1,35.0,35.0,1,1,230,0,"Khách hàng thân thiết, chi tiêu vừa/thấp"
68a96df0e300a7edaf03d2d8,1,89.0,89.0,1,1,227,0,"Khách hàng thân thiết, chi tiêu vừa/thấp"
68abd83a4fc097d37400ce6c,2,54.0,27.0,1,1,230,0,"Khách hàng thân thiết, chi tiêu vừa/thấp"
68bc54966c4d3809b40fc3ca,1,55.0,55.0,1,1,212,0,"Khách hàng thân thiết, chi tiêu vừa/thấp"
68c3760fe2b924052c0447e6,1,12.0,12.0,1,1,122,0,"Khách hàng thân thiết, chi tiêu vừa/thấp"
68d0b02df1a1685ae00ee19c,2,51.0,25.5,2,2,187,0,"Khách hàng thân thiết, chi tiêu vừa/thấp"
68d6631fd8a575f3b902c5b0,1,7.4,7.4,1,1,192,0,"Khách hàng thân thiết, chi tiêu vừa/thấp"
68d6a95c2f7243bd8e04e0e0,14,529.8,37.84285714285714,11,5,102,1,"Khách hàng VIP (chi tiêu cao, tần suất cao)"
68e4f8f3a48ee0b704010230,3,73.9,24.633333333333336,3,3,170,0,"Khách hàng thân thiết, chi tiêu vừa/thấp"
68f1e3642a4fd603f90bdbb2,13,396.9,30.53076923076923,11,4,123,0,"Khách hàng thân thiết, chi tiêu vừa/thấp"
68fa396b9765838d630bf2ef,2,47.0,23.5,2,2,139,0,"Khách hàng thân thiết, chi tiêu vừa/thấp"
68fc430b9960fd2a02044bf2,1,27.0,27.0,1,1,164,0,"Khách hàng thân thiết, chi tiêu vừa/thấp"
690ac661387c8d805d04159a,2,62.0,31.0,2,1,135,0,"Khách hàng thân thiết, chi tiêu vừa/thấp"
6911b2fc9aea65ccb105a450,1,15.0,15.0,1,1,134,0,"Khách hàng thân thiết, chi tiêu vừa/thấp"
691b03569de5dd08c90685ae,1,39.0,39.0,1,1,1351,2,Khách hàng ít tương tác / mới
6923ee7ec1be9e37f6035b54,6,379.0,63.166666666666664,6,2,100,0,"Khách hàng thân thiết, chi tiêu vừa/thấp"
6925b5803ce7fab9a20c6fa4,7,185.0,26.428571428571427,5,4,107,0,"Khách hàng thân thiết, chi tiêu vừa/thấp"
692d6407b7ce35b47204f594,2,31.0,15.5,2,2,123,0,"Khách hàng thân thiết, chi tiêu vừa/thấp"
693bcb803c2ab296fb0d0574,1,24.0,24.0,1,1,112,0,"Khách hàng thân thiết, chi tiêu vừa/thấp"
693c089beba2e89f1c0d1c08,1,40.0,40.0,1,1,113,0,"Khách hàng thân thiết, chi tiêu vừa/thấp"
693c2d5dc18d106633067741,2,77.6,38.8,2,2,97,0,"Khách hàng thân thiết, chi tiêu vừa/thấp"
693c428ea47cc43a9e04e910,2,58.0,29.0,2,2,110,0,"Khách hàng thân thiết, chi tiêu vừa/thấp"
693d9ad3e06d4df8c1044145,6,208.5,34.75,5,2,103,0,"Khách hàng thân thiết, chi tiêu vừa/thấp"
693f9dd5b67646e59004341c,1,30.0,30.0,1,1,113,0,"Khách hàng thân thiết, chi tiêu vừa/thấp"
693fe7ec54db238c120e3b8f,1,55.0,55.0,1,1,105,0,"Khách hàng thân thiết, chi tiêu vừa/thấp"
694369f6c346739b5c0c6444,1,65.0,65.0,1,1,1103,2,Khách hàng ít tương tác / mới
